{
	"textures": {
		"0": "nyctocosm:mobs/death_walker/death_walker_dawren"
	},
	"elements": [
		{
			"from": [
				-3.9999999999999982,
				-3.9999999999999947,
				4
			],
			"to": [
				20,
				19.999999999999993,
				12
			],
			"rotation": {
				"angle": 0,
				"axis": "y",
				"origin": [
					8,
					8,
					8
				]
			},
			"faces": {
				"north": {
					"uv": [
						0.5,
						0.5,
						2,
						2
					],
					"texture": "#0"
				},
				"east": {
					"uv": [
						0,
						0.5,
						0.5,
						2
					],
					"texture": "#0"
				},
				"south": {
					"uv": [
						2.5,
						0.5,
						4,
						2
					],
					"texture": "#0"
				},
				"west": {
					"uv": [
						2,
						0.5,
						2.5,
						2
					],
					"texture": "#0"
				},
				"up": {
					"uv": [
						2,
						0.5,
						0.5,
						0
					],
					"texture": "#0"
				},
				"down": {
					"uv": [
						3.5,
						0,
						2,
						0.5
					],
					"texture": "#0"
				}
			}
		}
	],
	"display": {
		"head": {
			"rotation": [
				0,
				180,
				0
			]
		}
	}
}