{
	"textures": {
		"0": "nyctocosm:mobs/death_walker/death_walker_dawren"
	},
	"elements": [
		{
			"from": [
				5.6,
				-4,
				5.6
			],
			"to": [
				10.399999999999999,
				8,
				10.4
			],
			"rotation": {
				"angle": 0,
				"axis": "y",
				"origin": [
					8,
					2,
					8
				]
			},
			"faces": {
				"north": {
					"uv": [
						11.5,
						3.5,
						12,
						4.75
					],
					"texture": "#0"
				},
				"east": {
					"uv": [
						11,
						3.5,
						11.5,
						4.75
					],
					"texture": "#0"
				},
				"south": {
					"uv": [
						12.5,
						3.5,
						13,
						4.75
					],
					"texture": "#0"
				},
				"west": {
					"uv": [
						12,
						3.5,
						12.5,
						4.75
					],
					"texture": "#0"
				},
				"up": {
					"uv": [
						12,
						3.5,
						11.5,
						3
					],
					"texture": "#0"
				},
				"down": {
					"uv": [
						11.5,
						3,
						11,
						3.5
					],
					"texture": "#0"
				}
			}
		},
		{
			"from": [
				5.6,
				-16,
				5.6
			],
			"to": [
				10.399999999999999,
				-4,
				10.4
			],
			"rotation": {
				"angle": 0,
				"axis": "y",
				"origin": [
					8,
					-10,
					8
				]
			},
			"faces": {
				"north": {
					"uv": [
						11.5,
						4.75,
						12,
						6
					],
					"texture": "#0"
				},
				"east": {
					"uv": [
						11,
						4.75,
						11.5,
						6
					],
					"texture": "#0"
				},
				"south": {
					"uv": [
						12.5,
						4.75,
						13,
						6
					],
					"texture": "#0"
				},
				"west": {
					"uv": [
						12,
						4.75,
						12.5,
						6
					],
					"texture": "#0"
				},
				"up": {
					"uv": [
						13,
						3.5,
						12.5,
						3
					],
					"texture": "#0"
				},
				"down": {
					"uv": [
						12.5,
						3,
						12,
						3.5
					],
					"texture": "#0"
				}
			}
		}
	],
	"display": {
		"head": {
			"rotation": [
				0,
				180,
				0
			]
		}
	}
}