{
	"textures": {
		"0": "nyctocosm:mobs/death_walker/death_walker_dawren"
	},
	"elements": [
		{
			"from": [
				0.7999999999999998,
				8,
				0.7999999999999998
			],
			"to": [
				15.2,
				22.400000000000006,
				15.2
			],
			"rotation": {
				"angle": 0,
				"axis": "y",
				"origin": [
					8,
					15.200000000000017,
					8
				]
			},
			"faces": {
				"north": {
					"uv": [
						4.5,
						5.5,
						5,
						6
					],
					"texture": "#0"
				},
				"east": {
					"uv": [
						4,
						5.5,
						4.5,
						6
					],
					"texture": "#0"
				},
				"south": {
					"uv": [
						5.5,
						5.5,
						6,
						6
					],
					"texture": "#0"
				},
				"west": {
					"uv": [
						5,
						5.5,
						5.5,
						6
					],
					"texture": "#0"
				},
				"up": {
					"uv": [
						5,
						5.5,
						4.5,
						5
					],
					"texture": "#0"
				},
				"down": {
					"uv": [
						5.5,
						5,
						5,
						5.5
					],
					"texture": "#0"
				}
			}
		}
	],
	"display": {
		"head": {
			"rotation": [
				0,
				180,
				0
			]
		}
	}
}