{
	"textures": {
		"0": "nyctocosm:mobs/death_walker/death_walker_dawren"
	},
	"elements": [
		{
			"from": [
				6,
				-3.9999999999999982,
				6
			],
			"to": [
				10,
				8,
				10
			],
			"rotation": {
				"angle": 0,
				"axis": "y",
				"origin": [
					8,
					1.9999999999999982,
					8
				]
			},
			"faces": {
				"north": {
					"uv": [
						0.5,
						9,
						1,
						10.5
					],
					"texture": "#0"
				},
				"east": {
					"uv": [
						0,
						9,
						0.5,
						10.5
					],
					"texture": "#0"
				},
				"south": {
					"uv": [
						1.5,
						9,
						2,
						10.5
					],
					"texture": "#0"
				},
				"west": {
					"uv": [
						1,
						9,
						1.5,
						10.5
					],
					"texture": "#0"
				},
				"up": {
					"uv": [
						1,
						9,
						0.5,
						8.5
					],
					"texture": "#0"
				},
				"down": {
					"uv": [
						0.5,
						8.5,
						0,
						9
					],
					"texture": "#0"
				}
			}
		},
		{
			"from": [
				6,
				-15.999999999999996,
				6
			],
			"to": [
				10,
				-3.9999999999999982,
				10
			],
			"rotation": {
				"angle": 0,
				"axis": "y",
				"origin": [
					8,
					-10,
					8
				]
			},
			"faces": {
				"north": {
					"uv": [
						0.5,
						10.5,
						1,
						12
					],
					"texture": "#0"
				},
				"east": {
					"uv": [
						0,
						10.5,
						0.5,
						12
					],
					"texture": "#0"
				},
				"south": {
					"uv": [
						1.5,
						10.5,
						2,
						12
					],
					"texture": "#0"
				},
				"west": {
					"uv": [
						1,
						10.5,
						1.5,
						12
					],
					"texture": "#0"
				},
				"up": {
					"uv": [
						2,
						9,
						1.5,
						8.5
					],
					"texture": "#0"
				},
				"down": {
					"uv": [
						1.5,
						8.5,
						1,
						9
					],
					"texture": "#0"
				}
			}
		}
	],
	"display": {
		"head": {
			"rotation": [
				0,
				180,
				0
			]
		}
	}
}