{
	"textures": {
		"0": "nyctocosm:mobs/death_walker/death_walker_dawren"
	},
	"elements": [
		{
			"from": [
				6,
				-4.0000000000000036,
				6
			],
			"to": [
				10,
				8,
				10
			],
			"rotation": {
				"angle": 0,
				"axis": "y",
				"origin": [
					8,
					1.9999999999999947,
					8
				]
			},
			"faces": {
				"north": {
					"uv": [
						2.5,
						5.5,
						3,
						7
					],
					"texture": "#0"
				},
				"east": {
					"uv": [
						2,
						5.5,
						2.5,
						7
					],
					"texture": "#0"
				},
				"south": {
					"uv": [
						3.5,
						5.5,
						4,
						7
					],
					"texture": "#0"
				},
				"west": {
					"uv": [
						3,
						5.5,
						3.5,
						7
					],
					"texture": "#0"
				},
				"up": {
					"uv": [
						3,
						5.5,
						2.5,
						5
					],
					"texture": "#0"
				},
				"down": {
					"uv": [
						2.5,
						5,
						2,
						5.5
					],
					"texture": "#0"
				}
			}
		},
		{
			"from": [
				6,
				-15.999999999999996,
				6
			],
			"to": [
				10,
				-4.0000000000000036,
				10
			],
			"rotation": {
				"angle": 0,
				"axis": "y",
				"origin": [
					8,
					-10,
					8
				]
			},
			"faces": {
				"north": {
					"uv": [
						2.5,
						7,
						3,
						8.5
					],
					"texture": "#0"
				},
				"east": {
					"uv": [
						2,
						7,
						2.5,
						8.5
					],
					"texture": "#0"
				},
				"south": {
					"uv": [
						3.5,
						7,
						4,
						8.5
					],
					"texture": "#0"
				},
				"west": {
					"uv": [
						3,
						7,
						3.5,
						8.5
					],
					"texture": "#0"
				},
				"up": {
					"uv": [
						4,
						5.5,
						3.5,
						5
					],
					"texture": "#0"
				},
				"down": {
					"uv": [
						3.5,
						5,
						3,
						5.5
					],
					"texture": "#0"
				}
			}
		}
	],
	"display": {
		"head": {
			"rotation": [
				0,
				180,
				0
			]
		}
	}
}