{
	"textures": {
		"2": "nyctocosm:magic/ajspellplane/glyph_atlas"
	},
	"elements": [
		{
			"from": [
				-16,
				18.936708860759495,
				7.088607594936709
			],
			"to": [
				-16,
				20.759493670886076,
				8.91139240506329
			],
			"rotation": {
				"angle": 0,
				"axis": "y",
				"origin": [
					-16,
					10.126582278481013,
					8
				]
			},
			"faces": {
				"north": {
					"uv": [
						4.616000000000002,
						3.823999999999999,
						1.6160000000000019,
						6.824000000000003
					],
					"texture": "#2"
				},
				"east": {
					"uv": [
						4.616000000000002,
						3.823999999999999,
						1.6160000000000019,
						6.824000000000003
					],
					"texture": "#2"
				},
				"south": {
					"uv": [
						4.616000000000002,
						3.823999999999999,
						1.6160000000000019,
						6.824000000000003
					],
					"texture": "#2"
				},
				"west": {
					"uv": [
						1.6160000000000019,
						3.823999999999999,
						4.616000000000002,
						6.824000000000003
					],
					"texture": "#2"
				},
				"up": {
					"uv": [
						4.616000000000002,
						3.823999999999999,
						1.6160000000000019,
						6.824000000000003
					],
					"texture": "#2"
				},
				"down": {
					"uv": [
						4.616000000000002,
						3.823999999999999,
						1.6160000000000019,
						6.824000000000003
					],
					"texture": "#2"
				}
			}
		}
	],
	"display": {
		"head": {
			"rotation": [
				0,
				0,
				0
			]
		}
	}
}