{
	"textures": {
		"2": "nyctocosm:magic/ajspellplane/glyph_atlas"
	},
	"elements": [
		{
			"from": [
				-16,
				18.936708860759495,
				7.088607594936709
			],
			"to": [
				-16,
				20.759493670886076,
				8.91139240506329
			],
			"rotation": {
				"angle": 0,
				"axis": "y",
				"origin": [
					-16,
					10.126582278481013,
					8
				]
			},
			"faces": {
				"north": {
					"uv": [
						10.064000000000005,
						11.600000000000009,
						13.064000000000002,
						14.600000000000001
					],
					"texture": "#2"
				},
				"east": {
					"uv": [
						10.064000000000005,
						11.600000000000009,
						13.064000000000002,
						14.600000000000001
					],
					"texture": "#2"
				},
				"south": {
					"uv": [
						10.064000000000005,
						11.600000000000009,
						13.064000000000002,
						14.600000000000001
					],
					"texture": "#2"
				},
				"west": {
					"uv": [
						13.064000000000002,
						11.600000000000009,
						10.064000000000005,
						14.600000000000001
					],
					"texture": "#2"
				},
				"up": {
					"uv": [
						13.064000000000002,
						14.600000000000001,
						10.064000000000005,
						11.600000000000009
					],
					"texture": "#2"
				},
				"down": {
					"uv": [
						10.064000000000005,
						11.600000000000009,
						13.064000000000002,
						14.600000000000001
					],
					"texture": "#2"
				}
			}
		}
	],
	"display": {
		"head": {
			"rotation": [
				0,
				0,
				0
			]
		}
	}
}