{
	"textures": {
		"0": "nyctocosm:magic/ajspellplane/thinring"
	},
	"elements": [
		{
			"from": [
				-4,
				12.74074074074074,
				-4
			],
			"to": [
				20,
				12.74074074074074,
				20
			],
			"rotation": {
				"angle": 0,
				"axis": "y",
				"origin": [
					8,
					12.74074074074074,
					8
				]
			},
			"faces": {
				"up": {
					"uv": [
						0,
						0,
						16,
						16
					],
					"texture": "#0"
				},
				"down": {
					"uv": [
						0,
						0,
						16,
						16
					],
					"texture": "#0"
				}
			}
		}
	],
	"display": {
		"head": {
			"rotation": [
				0,
				0,
				0
			]
		}
	}
}