{
	"textures": {
		"3": "nyctocosm:sorcerer/sorcerer32"
	},
	"elements": [
		{
			"from": [
				7.5,
				-5.5,
				7.5
			],
			"to": [
				10.5,
				8,
				8.5
			],
			"rotation": {
				"angle": 0,
				"axis": "y",
				"origin": [
					8,
					35,
					11.5
				]
			},
			"faces": {
				"north": {
					"uv": [
						6.125,
						7.625,
						6.5,
						9.3125
					],
					"texture": "#3"
				},
				"east": {
					"uv": [
						3.5,
						10,
						3.625,
						11.6875
					],
					"texture": "#3"
				},
				"south": {
					"uv": [
						6.5,
						7.625,
						6.875,
						9.3125
					],
					"texture": "#3"
				},
				"west": {
					"uv": [
						10,
						7.375,
						10.125,
						9.0625
					],
					"texture": "#3"
				},
				"up": {
					"uv": [
						10.625,
						10.375,
						10.25,
						10.25
					],
					"texture": "#3"
				},
				"down": {
					"uv": [
						0.375,
						10.375,
						0,
						10.5
					],
					"texture": "#3"
				}
			}
		}
	],
	"display": {
		"head": {
			"rotation": [
				0,
				0,
				0
			]
		}
	}
}