{
	"textures": {
		"3": "nyctocosm:sorcerer/sorcerer32"
	},
	"elements": [
		{
			"from": [
				5.5,
				-3.25,
				7.5
			],
			"to": [
				8.5,
				8.25,
				8.5
			],
			"rotation": {
				"angle": 0,
				"axis": "y",
				"origin": [
					8,
					48.75,
					11.5
				]
			},
			"faces": {
				"north": {
					"uv": [
						0.5,
						8.5,
						0.875,
						9.9375
					],
					"texture": "#3"
				},
				"east": {
					"uv": [
						3,
						10.125,
						3.125,
						11.5625
					],
					"texture": "#3"
				},
				"south": {
					"uv": [
						3.25,
						8.5,
						3.625,
						9.9375
					],
					"texture": "#3"
				},
				"west": {
					"uv": [
						4.875,
						10.125,
						5,
						11.5625
					],
					"texture": "#3"
				},
				"up": {
					"uv": [
						9.5,
						1.125,
						9.125,
						1
					],
					"texture": "#3"
				},
				"down": {
					"uv": [
						10.25,
						10.25,
						9.875,
						10.375
					],
					"texture": "#3"
				}
			}
		}
	],
	"display": {
		"head": {
			"rotation": [
				0,
				0,
				0
			]
		}
	}
}