{
	"textures": {
		"3": "nyctocosm:sorcerer/sorcerer32"
	},
	"elements": [
		{
			"from": [
				5.5,
				-8,
				7.5
			],
			"to": [
				10.5,
				8,
				8.5
			],
			"rotation": {
				"angle": 0,
				"axis": "y",
				"origin": [
					8,
					35,
					11.5
				]
			},
			"faces": {
				"north": {
					"uv": [
						0,
						5.25,
						0.625,
						7.25
					],
					"texture": "#3"
				},
				"east": {
					"uv": [
						3.125,
						8.625,
						3.25,
						10.625
					],
					"texture": "#3"
				},
				"south": {
					"uv": [
						0.625,
						5.25,
						1.25,
						7.25
					],
					"texture": "#3"
				},
				"west": {
					"uv": [
						1.625,
						9.125,
						1.75,
						11.125
					],
					"texture": "#3"
				},
				"up": {
					"uv": [
						10.875,
						6.75,
						10.25,
						6.625
					],
					"texture": "#3"
				},
				"down": {
					"uv": [
						10.875,
						7.375,
						10.25,
						7.5
					],
					"texture": "#3"
				}
			}
		}
	],
	"display": {
		"head": {
			"rotation": [
				0,
				0,
				0
			]
		}
	}
}