{
	"textures": {
		"3": "nyctocosm:sorcerer/sorcerer32"
	},
	"elements": [
		{
			"from": [
				5,
				7.5,
				0.25
			],
			"to": [
				11,
				8.5,
				8.25
			],
			"rotation": {
				"angle": 0,
				"axis": "y",
				"origin": [
					8,
					8,
					1.5
				]
			},
			"faces": {
				"north": {
					"uv": [
						10.125,
						9,
						10.875,
						9.125
					],
					"texture": "#3"
				},
				"east": {
					"uv": [
						10.125,
						8.75,
						11.125,
						8.875
					],
					"texture": "#3"
				},
				"south": {
					"uv": [
						10.25,
						3.875,
						11,
						4
					],
					"texture": "#3"
				},
				"west": {
					"uv": [
						10.125,
						8.875,
						11.125,
						9
					],
					"texture": "#3"
				},
				"up": {
					"uv": [
						3.5,
						7.125,
						2.75,
						6.125
					],
					"texture": "#3"
				},
				"down": {
					"uv": [
						4.25,
						6.25,
						3.5,
						7.25
					],
					"texture": "#3"
				}
			}
		}
	],
	"display": {
		"head": {
			"rotation": [
				0,
				0,
				0
			]
		}
	}
}