{
	"textures": {
		"3": "nyctocosm:sorcerer/sorcerer32"
	},
	"elements": [
		{
			"from": [
				7.5,
				5,
				4
			],
			"to": [
				8.5,
				8,
				12
			],
			"rotation": {
				"angle": 0,
				"axis": "y",
				"origin": [
					8,
					6.25,
					8
				]
			},
			"faces": {
				"north": {
					"uv": [
						2.25,
						8.75,
						2.375,
						9.125
					],
					"texture": "#3"
				},
				"east": {
					"uv": [
						9.125,
						0,
						10.125,
						0.375
					],
					"texture": "#3"
				},
				"south": {
					"uv": [
						9.75,
						10.25,
						9.875,
						10.625
					],
					"texture": "#3"
				},
				"west": {
					"uv": [
						9.125,
						0.375,
						10.125,
						0.75
					],
					"texture": "#3"
				},
				"up": {
					"uv": [
						10.375,
						6.625,
						10.25,
						5.625
					],
					"texture": "#3"
				},
				"down": {
					"uv": [
						6,
						10.25,
						5.875,
						11.25
					],
					"texture": "#3"
				}
			}
		},
		{
			"from": [
				7.5,
				3,
				1
			],
			"to": [
				8.5,
				5,
				12
			],
			"rotation": {
				"angle": 0,
				"axis": "y",
				"origin": [
					8,
					6.25,
					8
				]
			},
			"faces": {
				"north": {
					"uv": [
						1.75,
						8.5,
						1.875,
						8.75
					],
					"texture": "#3"
				},
				"east": {
					"uv": [
						9.125,
						6.875,
						10.5,
						7.125
					],
					"texture": "#3"
				},
				"south": {
					"uv": [
						8.5,
						6.25,
						8.625,
						6.5
					],
					"texture": "#3"
				},
				"west": {
					"uv": [
						9.125,
						7.125,
						10.5,
						7.375
					],
					"texture": "#3"
				},
				"up": {
					"uv": [
						5.625,
						11.5,
						5.5,
						10.125
					],
					"texture": "#3"
				},
				"down": {
					"uv": [
						7.25,
						10.125,
						7.125,
						11.5
					],
					"texture": "#3"
				}
			}
		}
	],
	"display": {
		"head": {
			"rotation": [
				0,
				0,
				0
			]
		}
	}
}