{
	"textures": {
		"3": "nyctocosm:sorcerer/sorcerer32"
	},
	"elements": [
		{
			"from": [
				7.5,
				5,
				4
			],
			"to": [
				8.5,
				8,
				12
			],
			"rotation": {
				"angle": 0,
				"axis": "y",
				"origin": [
					8,
					6.25,
					8
				]
			},
			"faces": {
				"north": {
					"uv": [
						1.25,
						5.75,
						1.375,
						6.125
					],
					"texture": "#3"
				},
				"east": {
					"uv": [
						5.75,
						4.625,
						6.75,
						5
					],
					"texture": "#3"
				},
				"south": {
					"uv": [
						7.75,
						1.75,
						7.875,
						2.125
					],
					"texture": "#3"
				},
				"west": {
					"uv": [
						9,
						4.25,
						10,
						4.625
					],
					"texture": "#3"
				},
				"up": {
					"uv": [
						4.5,
						11.25,
						4.375,
						10.25
					],
					"texture": "#3"
				},
				"down": {
					"uv": [
						4.625,
						10.25,
						4.5,
						11.25
					],
					"texture": "#3"
				}
			}
		},
		{
			"from": [
				7.5,
				3,
				1
			],
			"to": [
				8.5,
				5,
				12
			],
			"rotation": {
				"angle": 0,
				"axis": "y",
				"origin": [
					8,
					6.25,
					8
				]
			},
			"faces": {
				"north": {
					"uv": [
						1.125,
						7.75,
						1.25,
						8
					],
					"texture": "#3"
				},
				"east": {
					"uv": [
						9,
						4.625,
						10.375,
						4.875
					],
					"texture": "#3"
				},
				"south": {
					"uv": [
						8.375,
						6.25,
						8.5,
						6.5
					],
					"texture": "#3"
				},
				"west": {
					"uv": [
						9.125,
						0.75,
						10.5,
						1
					],
					"texture": "#3"
				},
				"up": {
					"uv": [
						5.375,
						11.5,
						5.25,
						10.125
					],
					"texture": "#3"
				},
				"down": {
					"uv": [
						5.5,
						10.125,
						5.375,
						11.5
					],
					"texture": "#3"
				}
			}
		}
	],
	"display": {
		"head": {
			"rotation": [
				0,
				0,
				0
			]
		}
	}
}