{
	"textures": {
		"3": "nyctocosm:sorcerer/sorcerer32"
	},
	"elements": [
		{
			"from": [
				11,
				3.5,
				5.5
			],
			"to": [
				12,
				11.5,
				8
			],
			"rotation": {
				"angle": 0,
				"axis": "y",
				"origin": [
					8,
					8,
					8
				]
			},
			"faces": {
				"north": {
					"uv": [
						3.875,
						10.25,
						4,
						11.25
					],
					"texture": "#3"
				},
				"east": {
					"uv": [
						7.125,
						9.125,
						7.4375,
						10.125
					],
					"texture": "#3"
				},
				"south": {
					"uv": [
						4,
						10.25,
						4.125,
						11.25
					],
					"texture": "#3"
				},
				"west": {
					"uv": [
						9.125,
						7.375,
						9.4375,
						8.375
					],
					"texture": "#3"
				},
				"up": {
					"uv": [
						1.125,
						10.6875,
						1,
						10.375
					],
					"texture": "#3"
				},
				"down": {
					"uv": [
						10.5,
						5.625,
						10.375,
						5.9375
					],
					"texture": "#3"
				}
			}
		},
		{
			"from": [
				11,
				3.5,
				8
			],
			"to": [
				12,
				12.5,
				12
			],
			"rotation": {
				"angle": 0,
				"axis": "y",
				"origin": [
					8,
					8,
					8
				]
			},
			"faces": {
				"north": {
					"uv": [
						8.75,
						10.125,
						8.875,
						11.25
					],
					"texture": "#3"
				},
				"east": {
					"uv": [
						8.125,
						8.25,
						8.625,
						9.375
					],
					"texture": "#3"
				},
				"south": {
					"uv": [
						8.875,
						10.125,
						9,
						11.25
					],
					"texture": "#3"
				},
				"west": {
					"uv": [
						8.375,
						1.125,
						8.875,
						2.25
					],
					"texture": "#3"
				},
				"up": {
					"uv": [
						1.375,
						5.75,
						1.25,
						5.25
					],
					"texture": "#3"
				},
				"down": {
					"uv": [
						1.25,
						7.25,
						1.125,
						7.75
					],
					"texture": "#3"
				}
			}
		},
		{
			"from": [
				4,
				3.5,
				8
			],
			"to": [
				5,
				12.5,
				12
			],
			"rotation": {
				"angle": 0,
				"axis": "y",
				"origin": [
					8,
					8,
					8
				]
			},
			"faces": {
				"north": {
					"uv": [
						3.625,
						10.25,
						3.75,
						11.375
					],
					"texture": "#3"
				},
				"east": {
					"uv": [
						8.375,
						2.25,
						8.875,
						3.375
					],
					"texture": "#3"
				},
				"south": {
					"uv": [
						3.75,
						10.25,
						3.875,
						11.375
					],
					"texture": "#3"
				},
				"west": {
					"uv": [
						8.375,
						5.125,
						8.875,
						6.25
					],
					"texture": "#3"
				},
				"up": {
					"uv": [
						5,
						7.75,
						4.875,
						7.25
					],
					"texture": "#3"
				},
				"down": {
					"uv": [
						1.875,
						8,
						1.75,
						8.5
					],
					"texture": "#3"
				}
			}
		},
		{
			"from": [
				4,
				3.5,
				5.5
			],
			"to": [
				5,
				11.5,
				8
			],
			"rotation": {
				"angle": 0,
				"axis": "y",
				"origin": [
					8,
					8,
					8
				]
			},
			"faces": {
				"north": {
					"uv": [
						4.125,
						10.25,
						4.25,
						11.25
					],
					"texture": "#3"
				},
				"east": {
					"uv": [
						9.125,
						8.375,
						9.4375,
						9.375
					],
					"texture": "#3"
				},
				"south": {
					"uv": [
						4.25,
						10.25,
						4.375,
						11.25
					],
					"texture": "#3"
				},
				"west": {
					"uv": [
						8.625,
						9.125,
						8.9375,
						10.125
					],
					"texture": "#3"
				},
				"up": {
					"uv": [
						10.5,
						6.3125,
						10.375,
						6
					],
					"texture": "#3"
				},
				"down": {
					"uv": [
						10.5,
						7.75,
						10.375,
						8.0625
					],
					"texture": "#3"
				}
			}
		},
		{
			"from": [
				5,
				8,
				12
			],
			"to": [
				11,
				12.5,
				14.5
			],
			"rotation": {
				"angle": 0,
				"axis": "y",
				"origin": [
					8,
					8,
					8
				]
			},
			"faces": {
				"north": {
					"uv": [
						8.875,
						1.125,
						9.625,
						1.6875
					],
					"texture": "#3"
				},
				"east": {
					"uv": [
						8,
						1.125,
						8.3125,
						1.6875
					],
					"texture": "#3"
				},
				"south": {
					"uv": [
						8.875,
						1.75,
						9.625,
						2.3125
					],
					"texture": "#3"
				},
				"west": {
					"uv": [
						10.125,
						1.5,
						10.4375,
						2.0625
					],
					"texture": "#3"
				},
				"up": {
					"uv": [
						10.625,
						3.4375,
						9.875,
						3.125
					],
					"texture": "#3"
				},
				"down": {
					"uv": [
						6.625,
						9.875,
						5.875,
						10.1875
					],
					"texture": "#3"
				}
			}
		},
		{
			"from": [
				5,
				0,
				12
			],
			"to": [
				11,
				8,
				13
			],
			"rotation": {
				"angle": 0,
				"axis": "y",
				"origin": [
					8,
					8,
					8
				]
			},
			"faces": {
				"north": {
					"uv": [
						4.25,
						6.25,
						5,
						7.25
					],
					"texture": "#3"
				},
				"east": {
					"uv": [
						6,
						10.25,
						6.125,
						11.25
					],
					"texture": "#3"
				},
				"south": {
					"uv": [
						6.125,
						6.625,
						6.875,
						7.625
					],
					"texture": "#3"
				},
				"west": {
					"uv": [
						6.125,
						10.25,
						6.25,
						11.25
					],
					"texture": "#3"
				},
				"up": {
					"uv": [
						11,
						4.125,
						10.25,
						4
					],
					"texture": "#3"
				},
				"down": {
					"uv": [
						11,
						4.125,
						10.25,
						4.25
					],
					"texture": "#3"
				}
			}
		},
		{
			"from": [
				5,
				1,
				5.5
			],
			"to": [
				11,
				4,
				12
			],
			"rotation": {
				"angle": 0,
				"axis": "y",
				"origin": [
					8,
					8,
					8
				]
			},
			"faces": {
				"north": {
					"uv": [
						4.125,
						9.25,
						4.875,
						9.625
					],
					"texture": "#3"
				},
				"east": {
					"uv": [
						9.25,
						5.125,
						10.0625,
						5.5
					],
					"texture": "#3"
				},
				"south": {
					"uv": [
						9.25,
						5.875,
						10,
						6.25
					],
					"texture": "#3"
				},
				"west": {
					"uv": [
						9.25,
						5.5,
						10.0625,
						5.875
					],
					"texture": "#3"
				},
				"up": {
					"uv": [
						8.375,
						6.4375,
						7.625,
						5.625
					],
					"texture": "#3"
				},
				"down": {
					"uv": [
						8.625,
						4.25,
						7.875,
						5.0625
					],
					"texture": "#3"
				}
			}
		},
		{
			"from": [
				5,
				4,
				7
			],
			"to": [
				11,
				11.5,
				12
			],
			"rotation": {
				"angle": 0,
				"axis": "y",
				"origin": [
					8,
					8,
					8
				]
			},
			"faces": {
				"north": {
					"uv": [
						6.875,
						0,
						7.625,
						0.9375
					],
					"texture": "#3"
				},
				"east": {
					"uv": [
						6.875,
						8.125,
						7.5,
						9.0625
					],
					"texture": "#3"
				},
				"south": {
					"uv": [
						7.125,
						4.625,
						7.875,
						5.5625
					],
					"texture": "#3"
				},
				"west": {
					"uv": [
						7.5,
						8.25,
						8.125,
						9.1875
					],
					"texture": "#3"
				},
				"up": {
					"uv": [
						4.875,
						9.25,
						4.125,
						8.625
					],
					"texture": "#3"
				},
				"down": {
					"uv": [
						9.375,
						6.25,
						8.625,
						6.875
					],
					"texture": "#3"
				}
			}
		}
	],
	"display": {
		"head": {
			"rotation": [
				0,
				0,
				0
			]
		}
	}
}