{
	"textures": {
		"3": "nyctocosm:sorcerer/sorcerer32"
	},
	"elements": [
		{
			"from": [
				7.5,
				-2.75,
				6.5
			],
			"to": [
				8.5,
				8.25,
				10.5
			],
			"rotation": {
				"angle": 0,
				"axis": "y",
				"origin": [
					13.5,
					35.25,
					7
				]
			},
			"faces": {
				"north": {
					"uv": [
						7.25,
						10.125,
						7.375,
						11.5
					],
					"texture": "#3"
				},
				"east": {
					"uv": [
						3.875,
						7.25,
						4.375,
						8.625
					],
					"texture": "#3"
				},
				"south": {
					"uv": [
						7.375,
						10.125,
						7.5,
						11.5
					],
					"texture": "#3"
				},
				"west": {
					"uv": [
						4.375,
						7.25,
						4.875,
						8.625
					],
					"texture": "#3"
				},
				"up": {
					"uv": [
						10,
						6.75,
						9.875,
						6.25
					],
					"texture": "#3"
				},
				"down": {
					"uv": [
						6.375,
						10.25,
						6.25,
						10.75
					],
					"texture": "#3"
				}
			}
		}
	],
	"display": {
		"head": {
			"rotation": [
				0,
				0,
				0
			]
		}
	}
}