{
	"textures": {
		"3": "nyctocosm:sorcerer/sorcerer32"
	},
	"elements": [
		{
			"from": [
				2,
				-6.5,
				7.33333
			],
			"to": [
				14,
				8,
				8.33333
			],
			"rotation": {
				"angle": 0,
				"axis": "y",
				"origin": [
					8,
					35,
					4.83333
				]
			},
			"faces": {
				"north": {
					"uv": [
						0,
						0,
						1.5,
						1.8125
					],
					"texture": "#3"
				},
				"east": {
					"uv": [
						4.625,
						9.625,
						4.75,
						11.4375
					],
					"texture": "#3"
				},
				"south": {
					"uv": [
						1.5,
						0,
						3,
						1.8125
					],
					"texture": "#3"
				},
				"west": {
					"uv": [
						4.75,
						9.625,
						4.875,
						11.4375
					],
					"texture": "#3"
				},
				"up": {
					"uv": [
						11.625,
						0.125,
						10.125,
						0
					],
					"texture": "#3"
				},
				"down": {
					"uv": [
						11.625,
						0.125,
						10.125,
						0.25
					],
					"texture": "#3"
				}
			}
		},
		{
			"from": [
				2,
				-6.5,
				5.83333
			],
			"to": [
				3,
				8,
				7.33333
			],
			"rotation": {
				"angle": 0,
				"axis": "y",
				"origin": [
					8,
					35,
					4.83333
				]
			},
			"faces": {
				"north": {
					"uv": [
						1.75,
						9.875,
						1.875,
						11.6875
					],
					"texture": "#3"
				},
				"east": {
					"uv": [
						5.875,
						7.75,
						6.0625,
						9.5625
					],
					"texture": "#3"
				},
				"south": {
					"uv": [
						1.875,
						9.875,
						2,
						11.6875
					],
					"texture": "#3"
				},
				"west": {
					"uv": [
						0.875,
						8.5,
						1.0625,
						10.3125
					],
					"texture": "#3"
				},
				"up": {
					"uv": [
						10,
						3.6875,
						9.875,
						3.5
					],
					"texture": "#3"
				},
				"down": {
					"uv": [
						10.25,
						5.625,
						10.125,
						5.8125
					],
					"texture": "#3"
				}
			}
		},
		{
			"from": [
				13,
				-6.5,
				5.83333
			],
			"to": [
				14,
				8,
				7.33333
			],
			"rotation": {
				"angle": 0,
				"axis": "y",
				"origin": [
					8,
					35,
					4.83333
				]
			},
			"faces": {
				"north": {
					"uv": [
						2,
						9.875,
						2.125,
						11.6875
					],
					"texture": "#3"
				},
				"east": {
					"uv": [
						5.625,
						9,
						5.8125,
						10.8125
					],
					"texture": "#3"
				},
				"south": {
					"uv": [
						2.125,
						9.875,
						2.25,
						11.6875
					],
					"texture": "#3"
				},
				"west": {
					"uv": [
						1.125,
						9.125,
						1.3125,
						10.9375
					],
					"texture": "#3"
				},
				"up": {
					"uv": [
						10.5,
						6.5625,
						10.375,
						6.375
					],
					"texture": "#3"
				},
				"down": {
					"uv": [
						10.5,
						8.125,
						10.375,
						8.3125
					],
					"texture": "#3"
				}
			}
		}
	],
	"display": {
		"head": {
			"rotation": [
				0,
				0,
				0
			]
		}
	}
}