{
	"textures": {
		"3": "nyctocosm:sorcerer/sorcerer32"
	},
	"elements": [
		{
			"from": [
				7.5,
				-3.75,
				6.5
			],
			"to": [
				8.5,
				8.25,
				10.5
			],
			"rotation": {
				"angle": 0,
				"axis": "y",
				"origin": [
					2.5,
					48.75,
					7
				]
			},
			"faces": {
				"north": {
					"uv": [
						2.75,
						10.125,
						2.875,
						11.625
					],
					"texture": "#3"
				},
				"east": {
					"uv": [
						2.75,
						7.125,
						3.25,
						8.625
					],
					"texture": "#3"
				},
				"south": {
					"uv": [
						2.875,
						10.125,
						3,
						11.625
					],
					"texture": "#3"
				},
				"west": {
					"uv": [
						0,
						7.25,
						0.5,
						8.75
					],
					"texture": "#3"
				},
				"up": {
					"uv": [
						9.625,
						10.75,
						9.5,
						10.25
					],
					"texture": "#3"
				},
				"down": {
					"uv": [
						9.75,
						10.25,
						9.625,
						10.75
					],
					"texture": "#3"
				}
			}
		}
	],
	"display": {
		"head": {
			"rotation": [
				0,
				0,
				0
			]
		}
	}
}