{
	"textures": {
		"3": "nyctocosm:sorcerer/sorcerer32"
	},
	"elements": [
		{
			"from": [
				5.5,
				4.5,
				5.75
			],
			"to": [
				9.5,
				8.5,
				10.25
			],
			"rotation": {
				"angle": 0,
				"axis": "y",
				"origin": [
					8,
					8.5,
					8
				]
			},
			"faces": {
				"north": {
					"uv": [
						7.875,
						5.125,
						8.375,
						5.625
					],
					"texture": "#3"
				},
				"east": {
					"uv": [
						9.375,
						3.75,
						9.9375,
						4.25
					],
					"texture": "#3"
				},
				"south": {
					"uv": [
						3.625,
						9.75,
						4.125,
						10.25
					],
					"texture": "#3"
				},
				"west": {
					"uv": [
						6.125,
						9.375,
						6.6875,
						9.875
					],
					"texture": "#3"
				},
				"up": {
					"uv": [
						9.875,
						6.8125,
						9.375,
						6.25
					],
					"texture": "#3"
				},
				"down": {
					"uv": [
						8.5,
						9.375,
						8,
						9.9375
					],
					"texture": "#3"
				}
			}
		}
	],
	"display": {
		"head": {
			"rotation": [
				0,
				0,
				0
			]
		}
	}
}