{
	"textures": {
		"2": "nyctocosm:magic/ajspellplane/orb"
	},
	"elements": [
		{
			"from": [
				27.555555555555554,
				8.88888888888889,
				5.777777777777778
			],
			"to": [
				32,
				8.88888888888889,
				10.222222222222221
			],
			"rotation": {
				"angle": 0,
				"axis": "y",
				"origin": [
					29.777777777777775,
					8.88888888888889,
					8
				]
			},
			"faces": {
				"north": {
					"uv": [
						0,
						0,
						0,
						0
					],
					"texture": "#2"
				},
				"east": {
					"uv": [
						0,
						0,
						0,
						0
					],
					"texture": "#2"
				},
				"south": {
					"uv": [
						0,
						0,
						0,
						0
					],
					"texture": "#2"
				},
				"west": {
					"uv": [
						0,
						0,
						0,
						0
					],
					"texture": "#2"
				},
				"up": {
					"uv": [
						0,
						16,
						16,
						0
					],
					"texture": "#2"
				},
				"down": {
					"uv": [
						0,
						0,
						16,
						16
					],
					"texture": "#2"
				}
			}
		}
	],
	"display": {
		"head": {
			"rotation": [
				0,
				0,
				0
			]
		}
	}
}