{
	"textures": {
		"2": "nyctocosm:sorcerer/sorcerer32"
	},
	"elements": [
		{
			"from": [
				5.5,
				-6.25,
				7.5
			],
			"to": [
				10.5,
				8.25,
				8.5
			],
			"rotation": {
				"angle": 0,
				"axis": "y",
				"origin": [
					8,
					48.75,
					11.5
				]
			},
			"faces": {
				"north": {
					"uv": [
						5.5,
						5.875,
						6.125,
						7.6875
					],
					"texture": "#2"
				},
				"east": {
					"uv": [
						6.75,
						9.375,
						6.875,
						11.1875
					],
					"texture": "#2"
				},
				"south": {
					"uv": [
						1.25,
						6.125,
						1.875,
						7.9375
					],
					"texture": "#2"
				},
				"west": {
					"uv": [
						8.5,
						9.375,
						8.625,
						11.1875
					],
					"texture": "#2"
				},
				"up": {
					"uv": [
						10.875,
						7.625,
						10.25,
						7.5
					],
					"texture": "#2"
				},
				"down": {
					"uv": [
						10.875,
						7.625,
						10.25,
						7.75
					],
					"texture": "#2"
				}
			}
		}
	],
	"display": {
		"head": {
			"rotation": [
				0,
				0,
				0
			]
		}
	}
}