{
	"textures": {
		"2": "nyctocosm:sorcerer/sorcerer32"
	},
	"elements": [
		{
			"from": [
				5.5,
				-5.5,
				7.5
			],
			"to": [
				8.5,
				8,
				8.5
			],
			"rotation": {
				"angle": 0,
				"axis": "y",
				"origin": [
					8,
					35,
					11.5
				]
			},
			"faces": {
				"north": {
					"uv": [
						2.375,
						7.375,
						2.75,
						9.0625
					],
					"texture": "#2"
				},
				"east": {
					"uv": [
						6.625,
						9.875,
						6.75,
						11.5625
					],
					"texture": "#2"
				},
				"south": {
					"uv": [
						7.625,
						0,
						8,
						1.6875
					],
					"texture": "#2"
				},
				"west": {
					"uv": [
						0.75,
						10,
						0.875,
						11.6875
					],
					"texture": "#2"
				},
				"up": {
					"uv": [
						7.75,
						8.125,
						7.375,
						8
					],
					"texture": "#2"
				},
				"down": {
					"uv": [
						7.875,
						8.125,
						7.5,
						8.25
					],
					"texture": "#2"
				}
			}
		}
	],
	"display": {
		"head": {
			"rotation": [
				0,
				0,
				0
			]
		}
	}
}