{
	"textures": {
		"0": "nyctocosm:items/nullpoint/nullpoint4"
	},
	"elements": [
		{
			"from": [
				7.668290000000001,
				-3.4583399999999997,
				5.275
			],
			"to": [
				9.61829,
				8.241659999999996,
				7.225
			],
			"rotation": {
				"angle": 0,
				"axis": "y",
				"origin": [
					7.3432900000000005,
					-24.908340000000003,
					4.95
				]
			},
			"faces": {
				"north": {
					"uv": [
						4.75,
						5.25,
						5.125,
						7.5
					],
					"texture": "#0"
				},
				"east": {
					"uv": [
						5.25,
						4.75,
						5.625,
						7
					],
					"texture": "#0"
				},
				"south": {
					"uv": [
						5.5,
						1.5,
						5.875,
						3.75
					],
					"texture": "#0"
				},
				"west": {
					"uv": [
						3,
						5.5,
						3.375,
						7.75
					],
					"texture": "#0"
				},
				"up": {
					"uv": [
						6.375,
						3.875,
						6,
						3.5
					],
					"texture": "#0"
				},
				"down": {
					"uv": [
						6.375,
						4,
						6,
						4.375
					],
					"texture": "#0"
				}
			}
		},
		{
			"from": [
				11.36158,
				6.25,
				5.925
			],
			"to": [
				12.01158,
				8.850000000000001,
				6.575
			],
			"rotation": {
				"angle": 45,
				"axis": "z",
				"origin": [
					11.686580000000001,
					5.600000000000001,
					5.6
				]
			},
			"faces": {
				"north": {
					"uv": [
						6.25,
						6,
						6.375,
						6.5
					],
					"texture": "#0"
				},
				"east": {
					"uv": [
						6.5,
						0,
						6.625,
						0.5
					],
					"texture": "#0"
				},
				"south": {
					"uv": [
						6.5,
						0.5,
						6.625,
						1
					],
					"texture": "#0"
				},
				"west": {
					"uv": [
						6.5,
						1,
						6.625,
						1.5
					],
					"texture": "#0"
				},
				"up": {
					"uv": [
						5.625,
						4.625,
						5.5,
						4.5
					],
					"texture": "#0"
				},
				"down": {
					"uv": [
						6.625,
						3.5,
						6.5,
						3.625
					],
					"texture": "#0"
				}
			}
		},
		{
			"from": [
				10.80677,
				-1.5105700000000013,
				5.925
			],
			"to": [
				11.45677,
				6.289429999999996,
				6.575
			],
			"rotation": {
				"angle": 0,
				"axis": "y",
				"origin": [
					11.13177,
					3.039429999999996,
					5.6
				]
			},
			"faces": {
				"north": {
					"uv": [
						4,
						5.5,
						4.125,
						7
					],
					"texture": "#0"
				},
				"east": {
					"uv": [
						4.5,
						5.5,
						4.625,
						7
					],
					"texture": "#0"
				},
				"south": {
					"uv": [
						3.5,
						5.75,
						3.625,
						7.25
					],
					"texture": "#0"
				},
				"west": {
					"uv": [
						3.75,
						5.75,
						3.875,
						7.25
					],
					"texture": "#0"
				},
				"up": {
					"uv": [
						6.625,
						3.875,
						6.5,
						3.75
					],
					"texture": "#0"
				},
				"down": {
					"uv": [
						6.625,
						4,
						6.5,
						4.125
					],
					"texture": "#0"
				}
			}
		},
		{
			"from": [
				14.119290000000001,
				-5.863430000000001,
				5.925
			],
			"to": [
				14.76929,
				-2.613430000000001,
				6.575
			],
			"rotation": {
				"angle": -45,
				"axis": "z",
				"origin": [
					14.44429,
					1.9365699999999961,
					5.6
				]
			},
			"faces": {
				"north": {
					"uv": [
						5.5,
						3.75,
						5.625,
						4.375
					],
					"texture": "#0"
				},
				"east": {
					"uv": [
						6,
						4.5,
						6.125,
						5.125
					],
					"texture": "#0"
				},
				"south": {
					"uv": [
						6,
						5.25,
						6.125,
						5.875
					],
					"texture": "#0"
				},
				"west": {
					"uv": [
						6,
						6,
						6.125,
						6.625
					],
					"texture": "#0"
				},
				"up": {
					"uv": [
						6.625,
						4.375,
						6.5,
						4.25
					],
					"texture": "#0"
				},
				"down": {
					"uv": [
						6.625,
						4.5,
						6.5,
						4.625
					],
					"texture": "#0"
				}
			}
		},
		{
			"from": [
				2.517290000000001,
				-5.863430000000001,
				5.925
			],
			"to": [
				3.1672900000000004,
				-2.613430000000001,
				6.575
			],
			"rotation": {
				"angle": 45,
				"axis": "z",
				"origin": [
					2.84229,
					1.9365699999999961,
					5.6
				]
			},
			"faces": {
				"north": {
					"uv": [
						6.25,
						0,
						6.375,
						0.625
					],
					"texture": "#0"
				},
				"east": {
					"uv": [
						6.25,
						0.75,
						6.375,
						1.375
					],
					"texture": "#0"
				},
				"south": {
					"uv": [
						6.25,
						4.5,
						6.375,
						5.125
					],
					"texture": "#0"
				},
				"west": {
					"uv": [
						6.25,
						5.25,
						6.375,
						5.875
					],
					"texture": "#0"
				},
				"up": {
					"uv": [
						6.625,
						4.875,
						6.5,
						4.75
					],
					"texture": "#0"
				},
				"down": {
					"uv": [
						6.625,
						5,
						6.5,
						5.125
					],
					"texture": "#0"
				}
			}
		},
		{
			"from": [
				5.82981,
				-1.5105700000000013,
				5.925
			],
			"to": [
				6.4798100000000005,
				6.289429999999996,
				6.575
			],
			"rotation": {
				"angle": 0,
				"axis": "y",
				"origin": [
					6.15481,
					3.039429999999996,
					5.6
				]
			},
			"faces": {
				"north": {
					"uv": [
						5.75,
						3.75,
						5.875,
						5.25
					],
					"texture": "#0"
				},
				"east": {
					"uv": [
						4.25,
						5.75,
						4.375,
						7.25
					],
					"texture": "#0"
				},
				"south": {
					"uv": [
						5.75,
						5.25,
						5.875,
						6.75
					],
					"texture": "#0"
				},
				"west": {
					"uv": [
						6,
						0,
						6.125,
						1.5
					],
					"texture": "#0"
				},
				"up": {
					"uv": [
						6.625,
						5.375,
						6.5,
						5.25
					],
					"texture": "#0"
				},
				"down": {
					"uv": [
						6.625,
						5.5,
						6.5,
						5.625
					],
					"texture": "#0"
				}
			}
		},
		{
			"from": [
				5.275,
				6.25,
				5.925
			],
			"to": [
				5.925000000000001,
				8.850000000000001,
				6.575
			],
			"rotation": {
				"angle": -45,
				"axis": "z",
				"origin": [
					5.6000000000000005,
					5.600000000000001,
					5.6
				]
			},
			"faces": {
				"north": {
					"uv": [
						6.5,
						1.5,
						6.625,
						2
					],
					"texture": "#0"
				},
				"east": {
					"uv": [
						6.5,
						2,
						6.625,
						2.5
					],
					"texture": "#0"
				},
				"south": {
					"uv": [
						6.5,
						2.5,
						6.625,
						3
					],
					"texture": "#0"
				},
				"west": {
					"uv": [
						6.5,
						3,
						6.625,
						3.5
					],
					"texture": "#0"
				},
				"up": {
					"uv": [
						6.625,
						5.875,
						6.5,
						5.75
					],
					"texture": "#0"
				},
				"down": {
					"uv": [
						6.625,
						6,
						6.5,
						6.125
					],
					"texture": "#0"
				}
			}
		}
	],
	"display": {
		"head": {
			"rotation": [
				0,
				0,
				0
			]
		}
	}
}