{
	"textures": {
		"2": "nyctocosm:sorcerer/sorcerer32"
	},
	"elements": [
		{
			"from": [
				4,
				0,
				5.75
			],
			"to": [
				8,
				10,
				10.25
			],
			"rotation": {
				"angle": 0,
				"axis": "y",
				"origin": [
					6,
					-2.5,
					8
				]
			},
			"faces": {
				"north": {
					"uv": [
						7.875,
						1.75,
						8.375,
						3
					],
					"texture": "#2"
				},
				"east": {
					"uv": [
						3.25,
						7.25,
						3.8125,
						8.5
					],
					"texture": "#2"
				},
				"south": {
					"uv": [
						7.875,
						3,
						8.375,
						4.25
					],
					"texture": "#2"
				},
				"west": {
					"uv": [
						7.25,
						3.375,
						7.8125,
						4.625
					],
					"texture": "#2"
				},
				"up": {
					"uv": [
						9.5,
						9.9375,
						9,
						9.375
					],
					"texture": "#2"
				},
				"down": {
					"uv": [
						10,
						7.375,
						9.5,
						7.9375
					],
					"texture": "#2"
				}
			}
		}
	],
	"display": {
		"head": {
			"rotation": [
				0,
				0,
				0
			]
		}
	}
}