{
	"textures": {
		"0": "nyctocosm:items/nullpoint/nullpoint4"
	},
	"elements": [
		{
			"from": [
				6.356164383561644,
				24.76712328767123,
				8.657534246575342
			],
			"to": [
				10.95890410958904,
				31.999999999999996,
				8.657534246575342
			],
			"rotation": {
				"angle": 0,
				"axis": "y",
				"origin": [
					8,
					8,
					8
				]
			},
			"faces": {
				"north": {
					"uv": [
						0,
						0,
						1.75,
						2.75
					],
					"texture": "#0"
				},
				"east": {
					"uv": [
						0,
						0,
						0,
						2.75
					],
					"texture": "#0"
				},
				"south": {
					"uv": [
						1.75,
						0,
						3.5,
						2.75
					],
					"texture": "#0"
				},
				"west": {
					"uv": [
						0,
						0,
						0,
						2.75
					],
					"texture": "#0"
				},
				"up": {
					"uv": [
						1.75,
						0,
						0,
						0
					],
					"texture": "#0"
				},
				"down": {
					"uv": [
						1.75,
						0,
						0,
						0
					],
					"texture": "#0"
				}
			}
		}
	],
	"display": {
		"head": {
			"rotation": [
				0,
				0,
				0
			]
		}
	}
}