{
	"textures": {
		"0": "nyctocosm:items/nullpoint/nullpoint4"
	},
	"elements": [
		{
			"from": [
				7.34818224323081,
				-2.444241378143298,
				7.468472703251192
			],
			"to": [
				8.65181775676919,
				-1.14060586460492,
				8.772108216789572
			],
			"rotation": {
				"angle": 0,
				"axis": "y",
				"origin": [
					8,
					-1.792423621374109,
					8.446199338404977
				]
			},
			"faces": {
				"north": {
					"uv": [
						3,
						4,
						3.5,
						4.5
					],
					"texture": "#0"
				},
				"east": {
					"uv": [
						4,
						3.75,
						4.5,
						4.25
					],
					"texture": "#0"
				},
				"south": {
					"uv": [
						4,
						4.25,
						4.5,
						4.75
					],
					"texture": "#0"
				},
				"west": {
					"uv": [
						4.5,
						0,
						5,
						0.5
					],
					"texture": "#0"
				},
				"up": {
					"uv": [
						5,
						1,
						4.5,
						0.5
					],
					"texture": "#0"
				},
				"down": {
					"uv": [
						5,
						1,
						4.5,
						1.5
					],
					"texture": "#0"
				}
			}
		},
		{
			"from": [
				6.251839818293265,
				-2.944686995859705,
				7.957336020828084
			],
			"to": [
				6.740703135870158,
				-1.3151426039367298,
				8.28324489921268
			],
			"rotation": {
				"angle": 0,
				"axis": "y",
				"origin": [
					6.57774869667786,
					-2.669900685536792,
					8.120290460020382
				]
			},
			"faces": {
				"north": {
					"uv": [
						3.25,
						4.5,
						3.4375,
						5.125
					],
					"texture": "#0"
				},
				"east": {
					"uv": [
						3.5,
						5,
						3.625,
						5.625
					],
					"texture": "#0"
				},
				"south": {
					"uv": [
						4,
						4.75,
						4.1875,
						5.375
					],
					"texture": "#0"
				},
				"west": {
					"uv": [
						3.75,
						5,
						3.875,
						5.625
					],
					"texture": "#0"
				},
				"up": {
					"uv": [
						5.4375,
						4.375,
						5.25,
						4.25
					],
					"texture": "#0"
				},
				"down": {
					"uv": [
						4.6875,
						5.25,
						4.5,
						5.375
					],
					"texture": "#0"
				}
			}
		},
		{
			"from": [
				9.644400822794568,
				-4.282437647990838,
				7.957336020828084
			],
			"to": [
				10.133264140371463,
				-3.3047110128370516,
				8.28324489921268
			],
			"rotation": {
				"angle": -45,
				"axis": "z",
				"origin": [
					9.807355261986867,
					-1.9090087481463947,
					8.120290460020382
				]
			},
			"faces": {
				"north": {
					"uv": [
						5,
						2,
						5.1875,
						2.375
					],
					"texture": "#0"
				},
				"east": {
					"uv": [
						5.25,
						0,
						5.375,
						0.375
					],
					"texture": "#0"
				},
				"south": {
					"uv": [
						5,
						4,
						5.1875,
						4.375
					],
					"texture": "#0"
				},
				"west": {
					"uv": [
						5.25,
						0.5,
						5.375,
						0.875
					],
					"texture": "#0"
				},
				"up": {
					"uv": [
						5.4375,
						3.375,
						5.25,
						3.25
					],
					"texture": "#0"
				},
				"down": {
					"uv": [
						5.4375,
						4,
						5.25,
						4.125
					],
					"texture": "#0"
				}
			}
		},
		{
			"from": [
				7.736790975833856,
				-0.33653350781993474,
				7.957336020828084
			],
			"to": [
				9.040426489372237,
				0.1523298097569583,
				8.28324489921268
			],
			"rotation": {
				"angle": -22.5,
				"axis": "z",
				"origin": [
					8.551563171795344,
					-0.17357906862763706,
					8.120290460020382
				]
			},
			"faces": {
				"north": {
					"uv": [
						5,
						1.5,
						5.5,
						1.6875
					],
					"texture": "#0"
				},
				"east": {
					"uv": [
						5.25,
						3,
						5.375,
						3.1875
					],
					"texture": "#0"
				},
				"south": {
					"uv": [
						5,
						1.75,
						5.5,
						1.9375
					],
					"texture": "#0"
				},
				"west": {
					"uv": [
						3.25,
						5.25,
						3.375,
						5.4375
					],
					"texture": "#0"
				},
				"up": {
					"uv": [
						5,
						5.125,
						4.5,
						5
					],
					"texture": "#0"
				},
				"down": {
					"uv": [
						5.5,
						4.5,
						5,
						4.625
					],
					"texture": "#0"
				}
			}
		},
		{
			"from": [
				6.2649212992733485,
				-3.5307363409708845,
				7.957336020828084
			],
			"to": [
				8.546283447965514,
				-3.0418730233939932,
				8.28324489921268
			],
			"rotation": {
				"angle": -22.5,
				"axis": "z",
				"origin": [
					7.731511252004026,
					-3.204827462586289,
					8.120290460020382
				]
			},
			"faces": {
				"north": {
					"uv": [
						4.5,
						3.5,
						5.375,
						3.6875
					],
					"texture": "#0"
				},
				"east": {
					"uv": [
						5.25,
						2.5,
						5.375,
						2.6875
					],
					"texture": "#0"
				},
				"south": {
					"uv": [
						4.5,
						3.75,
						5.375,
						3.9375
					],
					"texture": "#0"
				},
				"west": {
					"uv": [
						5.25,
						2.75,
						5.375,
						2.9375
					],
					"texture": "#0"
				},
				"up": {
					"uv": [
						5.875,
						1.125,
						5,
						1
					],
					"texture": "#0"
				},
				"down": {
					"uv": [
						5.875,
						1.25,
						5,
						1.375
					],
					"texture": "#0"
				}
			}
		},
		{
			"from": [
				7.193415637860082,
				-1.97514819452749,
				7.957336020828084
			],
			"to": [
				7.682278955436975,
				0.3062139541646758,
				8.28324489921268
			],
			"rotation": {
				"angle": -45,
				"axis": "z",
				"origin": [
					7.519324516244677,
					-0.5085582417968126,
					8.120290460020382
				]
			},
			"faces": {
				"north": {
					"uv": [
						4.5,
						2.5,
						4.6875,
						3.375
					],
					"texture": "#0"
				},
				"east": {
					"uv": [
						4.25,
						4.75,
						4.375,
						5.625
					],
					"texture": "#0"
				},
				"south": {
					"uv": [
						3,
						4.5,
						3.1875,
						5.375
					],
					"texture": "#0"
				},
				"west": {
					"uv": [
						5,
						0,
						5.125,
						0.875
					],
					"texture": "#0"
				},
				"up": {
					"uv": [
						5.4375,
						2.125,
						5.25,
						2
					],
					"texture": "#0"
				},
				"down": {
					"uv": [
						5.4375,
						2.25,
						5.25,
						2.375
					],
					"texture": "#0"
				}
			}
		},
		{
			"from": [
				7.511136682423108,
				5.377571703086982,
				7.631427142443489
			],
			"to": [
				8.488863317576893,
				8.636660486932932,
				8.609153777597275
			],
			"rotation": {
				"angle": 0,
				"axis": "y",
				"origin": [
					7.34818224323081,
					3.096209554394817,
					7.468472703251192
				]
			},
			"faces": {
				"north": {
					"uv": [
						3.5,
						3.75,
						3.875,
						5
					],
					"texture": "#0"
				},
				"east": {
					"uv": [
						4,
						0,
						4.375,
						1.25
					],
					"texture": "#0"
				},
				"south": {
					"uv": [
						4,
						1.25,
						4.375,
						2.5
					],
					"texture": "#0"
				},
				"west": {
					"uv": [
						4,
						2.5,
						4.375,
						3.75
					],
					"texture": "#0"
				},
				"up": {
					"uv": [
						5.125,
						2.875,
						4.75,
						2.5
					],
					"texture": "#0"
				},
				"down": {
					"uv": [
						5.125,
						3,
						4.75,
						3.375
					],
					"texture": "#0"
				}
			}
		},
		{
			"from": [
				7.511136682423108,
				0.1630296489334615,
				7.631427142443489
			],
			"to": [
				8.488863317576893,
				1.1407562840872467,
				8.609153777597275
			],
			"rotation": {
				"angle": 0,
				"axis": "y",
				"origin": [
					7.34818224323081,
					3.096209554394817,
					7.468472703251192
				]
			},
			"faces": {
				"north": {
					"uv": [
						5.5,
						0,
						5.875,
						0.375
					],
					"texture": "#0"
				},
				"east": {
					"uv": [
						5.5,
						0.5,
						5.875,
						0.875
					],
					"texture": "#0"
				},
				"south": {
					"uv": [
						6,
						1.5,
						6.375,
						1.875
					],
					"texture": "#0"
				},
				"west": {
					"uv": [
						6,
						2,
						6.375,
						2.375
					],
					"texture": "#0"
				},
				"up": {
					"uv": [
						6.375,
						2.875,
						6,
						2.5
					],
					"texture": "#0"
				},
				"down": {
					"uv": [
						6.375,
						3,
						6,
						3.375
					],
					"texture": "#0"
				}
			}
		},
		{
			"from": [
				7.674091121615405,
				-0.16287922945113387,
				7.794381581635787
			],
			"to": [
				8.325908878384595,
				19.717562352009164,
				8.446199338404977
			],
			"rotation": {
				"angle": 0,
				"axis": "y",
				"origin": [
					7.34818224323081,
					3.096209554394817,
					7.468472703251192
				]
			},
			"faces": {
				"north": {
					"uv": [
						2,
						2.75,
						2.25,
						10.375
					],
					"texture": "#0"
				},
				"east": {
					"uv": [
						2.25,
						2.75,
						2.5,
						10.375
					],
					"texture": "#0"
				},
				"south": {
					"uv": [
						2.5,
						2.75,
						2.75,
						10.375
					],
					"texture": "#0"
				},
				"west": {
					"uv": [
						2.75,
						2.75,
						3,
						10.375
					],
					"texture": "#0"
				},
				"up": {
					"uv": [
						5.25,
						5,
						5,
						4.75
					],
					"texture": "#0"
				},
				"down": {
					"uv": [
						5.25,
						5,
						5,
						5.25
					],
					"texture": "#0"
				}
			}
		},
		{
			"from": [
				7.34818224323081,
				-0.16287922945113387,
				7.468472703251192
			],
			"to": [
				7.34818224323081,
				19.717562352009164,
				8.772108216789572
			],
			"rotation": {
				"angle": 0,
				"axis": "y",
				"origin": [
					7.34818224323081,
					3.096209554394817,
					7.468472703251192
				]
			},
			"faces": {
				"north": {
					"uv": [
						0,
						0,
						0,
						7.625
					],
					"texture": "#0"
				},
				"east": {
					"uv": [
						5.75,
						7,
						6.25,
						14.625
					],
					"texture": "#0"
				},
				"south": {
					"uv": [
						0,
						0,
						0,
						7.625
					],
					"texture": "#0"
				},
				"west": {
					"uv": [
						6.25,
						7,
						6.75,
						14.625
					],
					"texture": "#0"
				},
				"up": {
					"uv": [
						0,
						0.5,
						0,
						0
					],
					"texture": "#0"
				},
				"down": {
					"uv": [
						0,
						0,
						0,
						0.5
					],
					"texture": "#0"
				}
			}
		},
		{
			"from": [
				7.34818224323081,
				-0.16287922945113387,
				8.772108216789572
			],
			"to": [
				8.65181775676919,
				19.717562352009164,
				8.772108216789572
			],
			"rotation": {
				"angle": 0,
				"axis": "y",
				"origin": [
					7.34818224323081,
					3.096209554394817,
					7.468472703251192
				]
			},
			"faces": {
				"north": {
					"uv": [
						7,
						3.25,
						7.5,
						10.875
					],
					"texture": "#0"
				},
				"south": {
					"uv": [
						5.25,
						7,
						5.75,
						14.625
					],
					"texture": "#0"
				}
			}
		},
		{
			"from": [
				8.65181775676919,
				-0.16287922945113387,
				7.468472703251192
			],
			"to": [
				8.65181775676919,
				19.717562352009164,
				8.772108216789572
			],
			"rotation": {
				"angle": 0,
				"axis": "y",
				"origin": [
					7.34818224323081,
					3.096209554394817,
					7.468472703251192
				]
			},
			"faces": {
				"north": {
					"uv": [
						0,
						0,
						0,
						7.625
					],
					"texture": "#0"
				},
				"east": {
					"uv": [
						3.5,
						7.25,
						4,
						14.875
					],
					"texture": "#0"
				},
				"south": {
					"uv": [
						0,
						0,
						0,
						7.625
					],
					"texture": "#0"
				},
				"west": {
					"uv": [
						4,
						7.25,
						4.5,
						14.875
					],
					"texture": "#0"
				},
				"up": {
					"uv": [
						0,
						0.5,
						0,
						0
					],
					"texture": "#0"
				},
				"down": {
					"uv": [
						0,
						0,
						0,
						0.5
					],
					"texture": "#0"
				}
			}
		},
		{
			"from": [
				7.34818224323081,
				-0.16287922945113387,
				7.468472703251192
			],
			"to": [
				8.65181775676919,
				19.717562352009164,
				7.468472703251192
			],
			"rotation": {
				"angle": 0,
				"axis": "y",
				"origin": [
					7.34818224323081,
					3.096209554394817,
					7.468472703251192
				]
			},
			"faces": {
				"north": {
					"uv": [
						0,
						2.75,
						0.5,
						10.375
					],
					"texture": "#0"
				},
				"east": {
					"uv": [
						0.5,
						2.75,
						1,
						10.375
					],
					"texture": "#0"
				},
				"south": {
					"uv": [
						1,
						2.75,
						1.5,
						10.375
					],
					"texture": "#0"
				},
				"west": {
					"uv": [
						1.5,
						2.75,
						2,
						10.375
					],
					"texture": "#0"
				},
				"up": {
					"uv": [
						5,
						2,
						4.5,
						1.5
					],
					"texture": "#0"
				},
				"down": {
					"uv": [
						5,
						2,
						4.5,
						2.5
					],
					"texture": "#0"
				}
			}
		}
	],
	"display": {
		"head": {
			"rotation": [
				0,
				0,
				0
			]
		}
	}
}