{
	"textures": {
		"2": "nyctocosm:sorcerer/sorcerer32"
	},
	"elements": [
		{
			"from": [
				2.75,
				3,
				8
			],
			"to": [
				13.25,
				13,
				8
			],
			"rotation": {
				"angle": 45,
				"axis": "y",
				"origin": [
					8,
					8,
					8
				]
			},
			"faces": {
				"north": {
					"uv": [
						4.375,
						1.25,
						5.6875,
						2.5
					],
					"texture": "#2"
				},
				"east": {
					"uv": [
						0,
						0,
						0,
						1.25
					],
					"texture": "#2"
				},
				"south": {
					"uv": [
						4.375,
						2.5,
						5.6875,
						3.75
					],
					"texture": "#2"
				},
				"west": {
					"uv": [
						0,
						0,
						0,
						1.25
					],
					"texture": "#2"
				},
				"up": {
					"uv": [
						1.3125,
						0,
						0,
						0
					],
					"texture": "#2"
				},
				"down": {
					"uv": [
						1.3125,
						0,
						0,
						0
					],
					"texture": "#2"
				}
			}
		},
		{
			"from": [
				2.75,
				3,
				8
			],
			"to": [
				13.25,
				13,
				8
			],
			"rotation": {
				"angle": 0,
				"axis": "y",
				"origin": [
					8,
					8,
					8
				]
			},
			"faces": {
				"north": {
					"uv": [
						4.375,
						3.75,
						5.6875,
						5
					],
					"texture": "#2"
				},
				"east": {
					"uv": [
						0,
						0,
						0,
						1.25
					],
					"texture": "#2"
				},
				"south": {
					"uv": [
						1.375,
						4.875,
						2.6875,
						6.125
					],
					"texture": "#2"
				},
				"west": {
					"uv": [
						0,
						0,
						0,
						1.25
					],
					"texture": "#2"
				},
				"up": {
					"uv": [
						1.3125,
						0,
						0,
						0
					],
					"texture": "#2"
				},
				"down": {
					"uv": [
						1.3125,
						0,
						0,
						0
					],
					"texture": "#2"
				}
			}
		},
		{
			"from": [
				2.75,
				3,
				8
			],
			"to": [
				13.25,
				13,
				8
			],
			"rotation": {
				"angle": -45,
				"axis": "y",
				"origin": [
					8,
					8,
					8
				]
			},
			"faces": {
				"north": {
					"uv": [
						2.75,
						4.875,
						4.0625,
						6.125
					],
					"texture": "#2"
				},
				"east": {
					"uv": [
						0,
						0,
						0,
						1.25
					],
					"texture": "#2"
				},
				"south": {
					"uv": [
						4.125,
						5,
						5.4375,
						6.25
					],
					"texture": "#2"
				},
				"west": {
					"uv": [
						0,
						0,
						0,
						1.25
					],
					"texture": "#2"
				},
				"up": {
					"uv": [
						1.3125,
						0,
						0,
						0
					],
					"texture": "#2"
				},
				"down": {
					"uv": [
						1.3125,
						0,
						0,
						0
					],
					"texture": "#2"
				}
			}
		}
	],
	"display": {
		"head": {
			"rotation": [
				0,
				0,
				0
			]
		}
	}
}