{
	"textures": {
		"2": "nyctocosm:sorcerer/sorcerer32"
	},
	"elements": [
		{
			"from": [
				8,
				0,
				5.75
			],
			"to": [
				12,
				10,
				10.25
			],
			"rotation": {
				"angle": 0,
				"axis": "y",
				"origin": [
					10,
					-2.5,
					8
				]
			},
			"faces": {
				"north": {
					"uv": [
						4.875,
						7.75,
						5.375,
						9
					],
					"texture": "#2"
				},
				"east": {
					"uv": [
						0.5,
						7.25,
						1.0625,
						8.5
					],
					"texture": "#2"
				},
				"south": {
					"uv": [
						5.375,
						7.75,
						5.875,
						9
					],
					"texture": "#2"
				},
				"west": {
					"uv": [
						7.25,
						2.125,
						7.8125,
						3.375
					],
					"texture": "#2"
				},
				"up": {
					"uv": [
						8,
						9.8125,
						7.5,
						9.25
					],
					"texture": "#2"
				},
				"down": {
					"uv": [
						9.875,
						3.125,
						9.375,
						3.6875
					],
					"texture": "#2"
				}
			}
		}
	],
	"display": {
		"head": {
			"rotation": [
				0,
				0,
				0
			]
		}
	}
}