{
	"textures": {
		"2": "nyctocosm:sorcerer/sorcerer32"
	},
	"elements": [
		{
			"from": [
				7.5,
				-2.75,
				6.5
			],
			"to": [
				8.5,
				8.25,
				10.5
			],
			"rotation": {
				"angle": 0,
				"axis": "y",
				"origin": [
					2.5,
					35.25,
					7
				]
			},
			"faces": {
				"north": {
					"uv": [
						10.125,
						7.375,
						10.25,
						8.75
					],
					"texture": "#2"
				},
				"east": {
					"uv": [
						1.875,
						7.375,
						2.375,
						8.75
					],
					"texture": "#2"
				},
				"south": {
					"uv": [
						8.625,
						10.125,
						8.75,
						11.5
					],
					"texture": "#2"
				},
				"west": {
					"uv": [
						7.375,
						6.625,
						7.875,
						8
					],
					"texture": "#2"
				},
				"up": {
					"uv": [
						10.375,
						8.25,
						10.25,
						7.75
					],
					"texture": "#2"
				},
				"down": {
					"uv": [
						10.375,
						8.25,
						10.25,
						8.75
					],
					"texture": "#2"
				}
			}
		}
	],
	"display": {
		"head": {
			"rotation": [
				0,
				0,
				0
			]
		}
	}
}