{
	"textures": {
		"3": "nyctocosm:sorcerer/transparent"
	},
	"elements": [
		{
			"from": [
				-4,
				8,
				-4
			],
			"to": [
				20,
				8,
				20
			],
			"faces": {
				"north": {
					"uv": [
						0,
						0,
						0,
						0
					],
					"texture": "#3"
				},
				"east": {
					"uv": [
						0,
						0,
						0,
						0
					],
					"texture": "#3"
				},
				"south": {
					"uv": [
						0,
						0,
						0,
						0
					],
					"texture": "#3"
				},
				"west": {
					"uv": [
						0,
						0,
						0,
						0
					],
					"texture": "#3"
				},
				"up": {
					"uv": [
						6,
						6,
						0,
						0
					],
					"texture": "#3"
				},
				"down": {
					"uv": [
						6,
						6,
						0,
						12
					],
					"texture": "#3"
				}
			}
		}
	],
	"display": {
		"head": {
			"rotation": [
				0,
				0,
				0
			]
		}
	}
}