{
	"textures": {
		"2": "nyctocosm:sorcerer/sorcerer32"
	},
	"elements": [
		{
			"from": [
				1.5,
				14.25,
				4.125
			],
			"to": [
				14.5,
				24.25,
				11.125
			],
			"rotation": {
				"angle": 0,
				"axis": "y",
				"origin": [
					8,
					34.25,
					7.625
				]
			},
			"faces": {
				"north": {
					"uv": [
						1.375,
						3.625,
						3,
						4.875
					],
					"texture": "#2"
				},
				"east": {
					"uv": [
						6,
						0,
						6.875,
						1.25
					],
					"texture": "#2"
				},
				"south": {
					"uv": [
						4.375,
						0,
						6,
						1.25
					],
					"texture": "#2"
				},
				"west": {
					"uv": [
						1.875,
						6.125,
						2.75,
						7.375
					],
					"texture": "#2"
				},
				"up": {
					"uv": [
						7.125,
						5.875,
						5.5,
						5
					],
					"texture": "#2"
				},
				"down": {
					"uv": [
						7.375,
						1.25,
						5.75,
						2.125
					],
					"texture": "#2"
				}
			}
		},
		{
			"from": [
				2,
				7.25,
				5.625
			],
			"to": [
				14,
				14.25,
				11.125
			],
			"rotation": {
				"angle": 0,
				"axis": "y",
				"origin": [
					8,
					34.25,
					7.625
				]
			},
			"faces": {
				"north": {
					"uv": [
						5.75,
						2.125,
						7.25,
						3
					],
					"texture": "#2"
				},
				"east": {
					"uv": [
						7.875,
						6.5,
						8.5625,
						7.375
					],
					"texture": "#2"
				},
				"south": {
					"uv": [
						5.75,
						3,
						7.25,
						3.875
					],
					"texture": "#2"
				},
				"west": {
					"uv": [
						7.875,
						7.375,
						8.5625,
						8.25
					],
					"texture": "#2"
				},
				"up": {
					"uv": [
						7.25,
						4.5625,
						5.75,
						3.875
					],
					"texture": "#2"
				},
				"down": {
					"uv": [
						7.625,
						5.875,
						6.125,
						6.5625
					],
					"texture": "#2"
				}
			}
		}
	],
	"display": {
		"head": {
			"rotation": [
				0,
				0,
				0
			]
		}
	}
}