{
	"textures": {
		"0": "nyctocosm:mobs/death_walker/death_walker_dawren"
	},
	"elements": [
		{
			"from": [
				-0.5714285714285658,
				8,
				-0.5714285714285658
			],
			"to": [
				16.571428571428566,
				32,
				16.571428571428566
			],
			"rotation": {
				"angle": 0,
				"axis": "y",
				"origin": [
					8,
					20.000000000000014,
					8
				]
			},
			"faces": {
				"north": {
					"uv": [
						1.25,
						3.25,
						2.5,
						5
					],
					"texture": "#0"
				},
				"east": {
					"uv": [
						0,
						3.25,
						1.25,
						5
					],
					"texture": "#0"
				},
				"south": {
					"uv": [
						3.75,
						3.25,
						5,
						5
					],
					"texture": "#0"
				},
				"west": {
					"uv": [
						2.5,
						3.25,
						3.75,
						5
					],
					"texture": "#0"
				},
				"up": {
					"uv": [
						2.5,
						3.25,
						1.25,
						2
					],
					"texture": "#0"
				},
				"down": {
					"uv": [
						3.75,
						2,
						2.5,
						3.25
					],
					"texture": "#0"
				}
			}
		}
	],
	"display": {
		"head": {
			"rotation": [
				0,
				0,
				0
			]
		}
	}
}