{
	"textures": {
		"0": "nyctocosm:mobs/death_walker/death_walker_dawren"
	},
	"elements": [
		{
			"from": [
				4.999999999999999,
				-4,
				5.6
			],
			"to": [
				9.799999999999999,
				8,
				10.4
			],
			"rotation": {
				"angle": 0,
				"axis": "y",
				"origin": [
					7.399999999999999,
					2,
					8
				]
			},
			"faces": {
				"north": {
					"uv": [
						9.5,
						3.5,
						10,
						4.75
					],
					"texture": "#0"
				},
				"east": {
					"uv": [
						9,
						3.5,
						9.5,
						4.75
					],
					"texture": "#0"
				},
				"south": {
					"uv": [
						10.5,
						3.5,
						11,
						4.75
					],
					"texture": "#0"
				},
				"west": {
					"uv": [
						10,
						3.5,
						10.5,
						4.75
					],
					"texture": "#0"
				},
				"up": {
					"uv": [
						10,
						3.5,
						9.5,
						3
					],
					"texture": "#0"
				},
				"down": {
					"uv": [
						9.5,
						3,
						9,
						3.5
					],
					"texture": "#0"
				}
			}
		},
		{
			"from": [
				4.999999999999999,
				-16,
				5.6
			],
			"to": [
				9.799999999999999,
				-4,
				10.4
			],
			"rotation": {
				"angle": 0,
				"axis": "y",
				"origin": [
					7.399999999999999,
					-10,
					8
				]
			},
			"faces": {
				"north": {
					"uv": [
						9.5,
						4.75,
						10,
						6
					],
					"texture": "#0"
				},
				"east": {
					"uv": [
						9,
						4.75,
						9.5,
						6
					],
					"texture": "#0"
				},
				"south": {
					"uv": [
						10.5,
						4.75,
						11,
						6
					],
					"texture": "#0"
				},
				"west": {
					"uv": [
						10,
						4.75,
						10.5,
						6
					],
					"texture": "#0"
				},
				"up": {
					"uv": [
						11,
						3.5,
						10.5,
						3
					],
					"texture": "#0"
				},
				"down": {
					"uv": [
						10.5,
						3,
						10,
						3.5
					],
					"texture": "#0"
				}
			}
		}
	],
	"display": {
		"head": {
			"rotation": [
				0,
				0,
				0
			]
		}
	}
}