{
	"textures": {
		"0": "nyctocosm:mobs/death_walker/death_walker_dawren"
	},
	"elements": [
		{
			"from": [
				5.6000000000000005,
				8,
				5.6
			],
			"to": [
				10.4,
				20,
				10.4
			],
			"rotation": {
				"angle": 0,
				"axis": "y",
				"origin": [
					8,
					14,
					8
				]
			},
			"faces": {
				"north": {
					"uv": [
						9.5,
						0.5,
						10,
						1.75
					],
					"texture": "#0"
				},
				"east": {
					"uv": [
						9,
						0.5,
						9.5,
						1.75
					],
					"texture": "#0"
				},
				"south": {
					"uv": [
						10.5,
						0.5,
						11,
						1.75
					],
					"texture": "#0"
				},
				"west": {
					"uv": [
						10,
						0.5,
						10.5,
						1.75
					],
					"texture": "#0"
				},
				"up": {
					"uv": [
						10,
						0.5,
						9.5,
						0
					],
					"texture": "#0"
				},
				"down": {
					"uv": [
						9.5,
						0,
						9,
						0.5
					],
					"texture": "#0"
				}
			}
		},
		{
			"from": [
				5.6000000000000005,
				-4,
				5.6
			],
			"to": [
				10.4,
				8,
				10.4
			],
			"rotation": {
				"angle": 0,
				"axis": "y",
				"origin": [
					8,
					2,
					8
				]
			},
			"faces": {
				"north": {
					"uv": [
						9.5,
						1.75,
						10,
						3
					],
					"texture": "#0"
				},
				"east": {
					"uv": [
						9,
						1.75,
						9.5,
						3
					],
					"texture": "#0"
				},
				"south": {
					"uv": [
						10.5,
						1.75,
						11,
						3
					],
					"texture": "#0"
				},
				"west": {
					"uv": [
						10,
						1.75,
						10.5,
						3
					],
					"texture": "#0"
				},
				"up": {
					"uv": [
						11,
						0.5,
						10.5,
						0
					],
					"texture": "#0"
				},
				"down": {
					"uv": [
						10.5,
						0,
						10,
						0.5
					],
					"texture": "#0"
				}
			}
		}
	],
	"display": {
		"head": {
			"rotation": [
				0,
				0,
				0
			]
		}
	}
}